TRUNCATE TABLE `coffee`;

INSERT INTO `coffee` (`id`,`created_time`,`updated_time`,`created_by`,`updated_by`,`coffeename`,`description`,`price`,`coffee_image`,`coffee_category`,`is_display`) VALUES (2880382620490752,'2024-05-29 18:01:43','2024-05-29 18:01:43',null,null,'猪厂·拿铁','浓缩咖啡，新鲜打发的热牛奶，微量奶泡',19.90,'/upload/app/POPO20240426-200449_20240529180110623.png',2880381840940032,1);
INSERT INTO `coffee` (`id`,`created_time`,`updated_time`,`created_by`,`updated_by`,`coffeename`,`description`,`price`,`coffee_image`,`coffee_category`,`is_display`) VALUES (2880382958058496,'2024-05-29 18:02:24','2024-05-29 18:02:24',null,null,'不止·拿铁','精粹浓缩咖啡融合云上厚乳，丝丝甜蜜奶香七，弥漫唇齿间',29.90,'/upload/app/POPO-20240425-194336_20240529180218346.png',2880381622860800,1);
INSERT INTO `coffee` (`id`,`created_time`,`updated_time`,`created_by`,`updated_by`,`coffeename`,`description`,`price`,`coffee_image`,`coffee_category`,`is_display`) VALUES (2880383179463680,'2024-05-29 18:02:51','2024-05-29 18:02:51',null,null,'浓醇·拿铁','入口咖啡香气浓郁，特调厚乳的饱满口感带来顺滑的体验',26.90,'/upload/app/POPO-20240425-195823_20240529180248871.png',2880381622860800,1);
INSERT INTO `coffee` (`id`,`created_time`,`updated_time`,`created_by`,`updated_by`,`coffeename`,`description`,`price`,`coffee_image`,`coffee_category`,`is_display`) VALUES (2880383393315840,'2024-05-29 18:03:17','2024-05-29 18:03:17',null,null,'鲜萃黑咖·深度烘培','可可、雪松风味，回味浓郁，比美式更清爽的口感',9.90,'/upload/app/POPO-20240425-200116_20240529180315326.png',2880381679074304,1);
INSERT INTO `coffee` (`id`,`created_time`,`updated_time`,`created_by`,`updated_by`,`coffeename`,`description`,`price`,`coffee_image`,`coffee_category`,`is_display`) VALUES (2880383598083072,'2024-05-29 18:03:42','2024-05-29 18:03:42',null,null,'鲜萃黑咖·中度烘培','优质果酸、坚果风味，比美式更清爽的口感',11.90,'/upload/app/POPO-20240425-200222_20240529180338821.png',2880381679074304,1);
INSERT INTO `coffee` (`id`,`created_time`,`updated_time`,`created_by`,`updated_by`,`coffeename`,`description`,`price`,`coffee_image`,`coffee_category`,`is_display`) VALUES (2880383840943104,'2024-05-29 18:04:12','2024-05-29 18:04:12',null,null,'牛油果生椰冷萃','牛油果绵密的果泥融入甘醇冷萃和鲜甜的生椰乳,清甜不腻的绝妙CP',25.90,'/upload/app/POPO-20240426-195050_20240529180408720.png',2880381738155008,1);
INSERT INTO `coffee` (`id`,`created_time`,`updated_time`,`created_by`,`updated_by`,`coffeename`,`description`,`price`,`coffee_image`,`coffee_category`,`is_display`) VALUES (2880384034561024,'2024-05-29 18:04:35','2024-05-29 18:04:35',null,null,'生椰冷萃','甘醇冷萃遇见鲜甜生椰乳,不可错过 的夏日味道',19.90,'/upload/app/POPO-20240426-195055_20240529180432647.png',2880381738155008,1);
INSERT INTO `coffee` (`id`,`created_time`,`updated_time`,`created_by`,`updated_by`,`coffeename`,`description`,`price`,`coffee_image`,`coffee_category`,`is_display`) VALUES (2884586567388160,'2024-06-04 16:34:40','2024-06-04 16:34:40',null,null,'栀子花绿茶拿铁','细腻拿铁遇见幽香栀子花,带来一丝 丝轻盈的惬意享受',26.90,'/upload/app/POPO-20240426-195023_20240604163431825.png',2880381622860800,1);
INSERT INTO `coffee` (`id`,`created_time`,`updated_time`,`created_by`,`updated_by`,`coffeename`,`description`,`price`,`coffee_image`,`coffee_category`,`is_display`) VALUES (2884586877824000,'2024-06-04 16:35:18','2024-06-04 16:35:18',null,null,'满杯车厘子美式','每一口都绽放出独特的酸甜风味,与 美式交织出无与伦比的滋味',19.90,'/upload/app/POPO-20240426-195045_20240604163511517.png',2880381679074304,1);
INSERT INTO `coffee` (`id`,`created_time`,`updated_time`,`created_by`,`updated_by`,`coffeename`,`description`,`price`,`coffee_image`,`coffee_category`,`is_display`) VALUES (2884587284073472,'2024-06-04 16:36:07','2024-06-04 16:36:07',null,null,'香椰水冷萃','100%椰子水加16小时慢萃咖啡,夏 日清爽甘甜',25.60,'/upload/app/POPO-20240426-195058_20240604163602764.png',2880381738155008,1);
INSERT INTO `coffee` (`id`,`created_time`,`updated_time`,`created_by`,`updated_by`,`coffeename`,`description`,`price`,`coffee_image`,`coffee_category`,`is_display`) VALUES (2884587651566592,'2024-06-04 16:36:52','2024-06-04 16:36:52',null,null,'大师.满萃陨石拿铁','【中国航天日特饮】含0脂晶球,热量更低',39.90,'/upload/app/POPO-20240426-195908_20240604163648706.png',2880381791452160,1);
INSERT INTO `coffee` (`id`,`created_time`,`updated_time`,`created_by`,`updated_by`,`coffeename`,`description`,`price`,`coffee_image`,`coffee_category`,`is_display`) VALUES (2884587887397888,'2024-06-04 16:37:21','2024-06-04 16:37:21',null,null,'大师.满萃燕麦拿铁','采用OATLY咖啡大师燕麦奶',39.90,'/upload/app/POPO-20240426-195912_20240604163717884.png',2880381791452160,1);
TRUNCATE TABLE `coffee_category`;

INSERT INTO `coffee_category` (`id`,`created_time`,`updated_time`,`created_by`,`updated_by`,`cate_gory_name`,`is_display`) VALUES (2880381622860800,'2024-05-29 17:59:41','2024-05-29 17:59:41',null,null,'拿铁系列',1);
INSERT INTO `coffee_category` (`id`,`created_time`,`updated_time`,`created_by`,`updated_by`,`cate_gory_name`,`is_display`) VALUES (2880381679074304,'2024-05-29 17:59:48','2024-05-29 17:59:48',null,null,'美式咖啡',1);
INSERT INTO `coffee_category` (`id`,`created_time`,`updated_time`,`created_by`,`updated_by`,`cate_gory_name`,`is_display`) VALUES (2880381738155008,'2024-05-29 17:59:55','2024-05-29 17:59:55',null,null,'冷萃系列',1);
INSERT INTO `coffee_category` (`id`,`created_time`,`updated_time`,`created_by`,`updated_by`,`cate_gory_name`,`is_display`) VALUES (2880381791452160,'2024-05-29 18:00:01','2024-05-29 18:00:01',null,null,'大师咖啡',1);
INSERT INTO `coffee_category` (`id`,`created_time`,`updated_time`,`created_by`,`updated_by`,`cate_gory_name`,`is_display`) VALUES (2880381840940032,'2024-05-29 18:00:07','2024-05-29 18:00:07',null,null,'网易推荐',0);
TRUNCATE TABLE `coffee_order_mapping`;

INSERT INTO `coffee_order_mapping` (`id`,`created_time`,`updated_time`,`created_by`,`updated_by`,`order_id`,`coffee_id`,`coffee_quantity`) VALUES (2885858217096960,'2024-06-06 11:41:50','2024-06-06 11:41:50',null,null,2885858215180032,2880383179463680,1);
INSERT INTO `coffee_order_mapping` (`id`,`created_time`,`updated_time`,`created_by`,`updated_by`,`order_id`,`coffee_id`,`coffee_quantity`) VALUES (2885858217137920,'2024-06-06 11:41:50','2024-06-06 11:41:50',null,null,2885858215180032,2884586567388160,1);
INSERT INTO `coffee_order_mapping` (`id`,`created_time`,`updated_time`,`created_by`,`updated_by`,`order_id`,`coffee_id`,`coffee_quantity`) VALUES (2885858217137921,'2024-06-06 11:41:50','2024-06-06 11:41:50',null,null,2885858215180032,2880382958058496,1);
INSERT INTO `coffee_order_mapping` (`id`,`created_time`,`updated_time`,`created_by`,`updated_by`,`order_id`,`coffee_id`,`coffee_quantity`) VALUES (2885988289548800,'2024-06-06 16:06:28','2024-06-06 16:06:28',null,null,2885988288377344,2880382958058496,1);
INSERT INTO `coffee_order_mapping` (`id`,`created_time`,`updated_time`,`created_by`,`updated_by`,`order_id`,`coffee_id`,`coffee_quantity`) VALUES (2885988289581568,'2024-06-06 16:06:28','2024-06-06 16:06:28',null,null,2885988288377344,2880383179463680,2);
INSERT INTO `coffee_order_mapping` (`id`,`created_time`,`updated_time`,`created_by`,`updated_by`,`order_id`,`coffee_id`,`coffee_quantity`) VALUES (2885988289581569,'2024-06-06 16:06:28','2024-06-06 16:06:28',null,null,2885988288377344,2884586567388160,1);
INSERT INTO `coffee_order_mapping` (`id`,`created_time`,`updated_time`,`created_by`,`updated_by`,`order_id`,`coffee_id`,`coffee_quantity`) VALUES (2886002108912128,'2024-06-06 16:34:35','2024-06-06 16:34:35','DEVACC-coffee0528','DEVACC-coffee0528',2886002108838400,2880382958058496,1);
INSERT INTO `coffee_order_mapping` (`id`,`created_time`,`updated_time`,`created_by`,`updated_by`,`order_id`,`coffee_id`,`coffee_quantity`) VALUES (2886002108912129,'2024-06-06 16:34:35','2024-06-06 16:34:35','DEVACC-coffee0528','DEVACC-coffee0528',2886002108838400,2880383179463680,1);
INSERT INTO `coffee_order_mapping` (`id`,`created_time`,`updated_time`,`created_by`,`updated_by`,`order_id`,`coffee_id`,`coffee_quantity`) VALUES (2886002108912130,'2024-06-06 16:34:35','2024-06-06 16:34:35','DEVACC-coffee0528','DEVACC-coffee0528',2886002108838400,2880383840943104,1);
INSERT INTO `coffee_order_mapping` (`id`,`created_time`,`updated_time`,`created_by`,`updated_by`,`order_id`,`coffee_id`,`coffee_quantity`) VALUES (2889545937623040,'2024-06-11 16:44:32','2024-06-11 16:44:32',null,null,2889545936377856,2880382958058496,1);
INSERT INTO `coffee_order_mapping` (`id`,`created_time`,`updated_time`,`created_by`,`updated_by`,`order_id`,`coffee_id`,`coffee_quantity`) VALUES (2889545937655808,'2024-06-11 16:44:32','2024-06-11 16:44:32',null,null,2889545936377856,2880383179463680,2);
INSERT INTO `coffee_order_mapping` (`id`,`created_time`,`updated_time`,`created_by`,`updated_by`,`order_id`,`coffee_id`,`coffee_quantity`) VALUES (2889545937655809,'2024-06-11 16:44:32','2024-06-11 16:44:32',null,null,2889545936377856,2884586567388160,1);
INSERT INTO `coffee_order_mapping` (`id`,`created_time`,`updated_time`,`created_by`,`updated_by`,`order_id`,`coffee_id`,`coffee_quantity`) VALUES (2889545937655810,'2024-06-11 16:44:32','2024-06-11 16:44:32',null,null,2889545936377856,2880383393315840,1);
INSERT INTO `coffee_order_mapping` (`id`,`created_time`,`updated_time`,`created_by`,`updated_by`,`order_id`,`coffee_id`,`coffee_quantity`) VALUES (2889545937655811,'2024-06-11 16:44:32','2024-06-11 16:44:32',null,null,2889545936377856,2880383598083072,1);
INSERT INTO `coffee_order_mapping` (`id`,`created_time`,`updated_time`,`created_by`,`updated_by`,`order_id`,`coffee_id`,`coffee_quantity`) VALUES (2889545937655812,'2024-06-11 16:44:32','2024-06-11 16:44:32',null,null,2889545936377856,2884586877824000,1);
INSERT INTO `coffee_order_mapping` (`id`,`created_time`,`updated_time`,`created_by`,`updated_by`,`order_id`,`coffee_id`,`coffee_quantity`) VALUES (2889546439809024,'2024-06-11 16:45:33','2024-06-11 16:45:33',null,null,2889546439727104,2880382958058496,3);
INSERT INTO `coffee_order_mapping` (`id`,`created_time`,`updated_time`,`created_by`,`updated_by`,`order_id`,`coffee_id`,`coffee_quantity`) VALUES (2889546439809025,'2024-06-11 16:45:33','2024-06-11 16:45:33',null,null,2889546439727104,2884586567388160,1);
INSERT INTO `coffee_order_mapping` (`id`,`created_time`,`updated_time`,`created_by`,`updated_by`,`order_id`,`coffee_id`,`coffee_quantity`) VALUES (2889546439809026,'2024-06-11 16:45:33','2024-06-11 16:45:33',null,null,2889546439727104,2880383840943104,1);
TRUNCATE TABLE `lcap_column_rule_f803ac`;

TRUNCATE TABLE `lcap_data_permission_f803ac`;

TRUNCATE TABLE `lcap_department_f803ac`;

TRUNCATE TABLE `lcap_entity_meta_f803ac`;

TRUNCATE TABLE `lcap_logic_meta_f803ac`;

TRUNCATE TABLE `lcap_per_res_mapping_f803ac`;

INSERT INTO `lcap_per_res_mapping_f803ac` (`id`,`created_time`,`updated_time`,`created_by`,`updated_by`,`permission_id`,`resource_id`) VALUES (2886548347706368,'2024-06-07 11:05:55','2024-06-07 11:05:55',null,null,2886000436310528,2886548343782400);
INSERT INTO `lcap_per_res_mapping_f803ac` (`id`,`created_time`,`updated_time`,`created_by`,`updated_by`,`permission_id`,`resource_id`) VALUES (2886548347747328,'2024-06-07 11:05:55','2024-06-07 11:05:55',null,null,2886000436310528,2886548345330688);
INSERT INTO `lcap_per_res_mapping_f803ac` (`id`,`created_time`,`updated_time`,`created_by`,`updated_by`,`permission_id`,`resource_id`) VALUES (2886548347747329,'2024-06-07 11:05:55','2024-06-07 11:05:55',null,null,2886000436310528,2886548345330689);
INSERT INTO `lcap_per_res_mapping_f803ac` (`id`,`created_time`,`updated_time`,`created_by`,`updated_by`,`permission_id`,`resource_id`) VALUES (2886548347747330,'2024-06-07 11:05:55','2024-06-07 11:05:55',null,null,2886000436310528,2886548345330690);
INSERT INTO `lcap_per_res_mapping_f803ac` (`id`,`created_time`,`updated_time`,`created_by`,`updated_by`,`permission_id`,`resource_id`) VALUES (2886548347747331,'2024-06-07 11:05:55','2024-06-07 11:05:55',null,null,2886000436310528,2886548345330691);
TRUNCATE TABLE `lcap_permission_f803ac`;

INSERT INTO `lcap_permission_f803ac` (`id`,`created_time`,`updated_time`,`created_by`,`updated_by`,`uuid`,`name`,`description`) VALUES (2886000436310528,'2024-06-06 16:31:11','2024-06-06 16:31:11',null,null,null,'DEV-AdminRole','可视化编辑器上添加的角色');
TRUNCATE TABLE `lcap_resource_f803ac`;

INSERT INTO `lcap_resource_f803ac` (`id`,`created_time`,`updated_time`,`created_by`,`updated_by`,`uuid`,`name`,`description`,`type`,`client_type`) VALUES (2886548343782400,'2024-06-07 11:05:54','2024-06-07 11:05:54',null,null,null,'/permissionCenter/departmentManagement',null,'ui','pc');
INSERT INTO `lcap_resource_f803ac` (`id`,`created_time`,`updated_time`,`created_by`,`updated_by`,`uuid`,`name`,`description`,`type`,`client_type`) VALUES (2886548345330688,'2024-06-07 11:05:55','2024-06-07 11:05:55',null,null,null,'/permissionCenter/roleManagement',null,'ui','pc');
INSERT INTO `lcap_resource_f803ac` (`id`,`created_time`,`updated_time`,`created_by`,`updated_by`,`uuid`,`name`,`description`,`type`,`client_type`) VALUES (2886548345330689,'2024-06-07 11:05:55','2024-06-07 11:05:55',null,null,null,'/permissionCenter/userManagement',null,'ui','pc');
INSERT INTO `lcap_resource_f803ac` (`id`,`created_time`,`updated_time`,`created_by`,`updated_by`,`uuid`,`name`,`description`,`type`,`client_type`) VALUES (2886548345330690,'2024-06-07 11:05:55','2024-06-07 11:05:55',null,null,null,'/permissionCenter/permissionManagement',null,'ui','pc');
INSERT INTO `lcap_resource_f803ac` (`id`,`created_time`,`updated_time`,`created_by`,`updated_by`,`uuid`,`name`,`description`,`type`,`client_type`) VALUES (2886548345330691,'2024-06-07 11:05:55','2024-06-07 11:05:55',null,null,null,'/permissionCenter',null,'ui','pc');
TRUNCATE TABLE `lcap_role_f803ac`;

INSERT INTO `lcap_role_f803ac` (`id`,`created_time`,`updated_time`,`created_by`,`updated_by`,`uuid`,`name`,`description`,`role_status`,`editable`) VALUES (2886000435499520,'2024-06-06 16:31:11','2024-06-06 16:31:11',null,null,'ee2bad6a49a74453b803cb9ce00aa838','DEV-AdminRole','可视化编辑器上添加的角色',0,0);
TRUNCATE TABLE `lcap_role_per_mapping_f803ac`;

INSERT INTO `lcap_role_per_mapping_f803ac` (`id`,`created_time`,`updated_time`,`created_by`,`updated_by`,`role_id`,`permission_id`) VALUES (2886000438882816,'2024-06-06 16:31:11','2024-06-06 16:31:11',null,null,2886000435499520,2886000436310528);
TRUNCATE TABLE `lcap_row_rule_item_f803ac`;

TRUNCATE TABLE `lcap_user_dept_mapping_f803ac`;

TRUNCATE TABLE `lcap_user_f803ac`;

INSERT INTO `lcap_user_f803ac` (`id`,`created_time`,`updated_time`,`user_id`,`user_name`,`password`,`phone`,`email`,`display_name`,`status`,`source`,`direct_leader_id`) VALUES (2886000437187072,'2024-06-06 16:31:11','2024-06-06 16:31:11','fce8dac8e520d65894efb78aab142d6d','DEVACC-coffee0528','$2a$10$4Y8QllIqcp3PdRNOuZpZa.WsmApR1QIVyqBn05vRSjGNv8oD1yIr6',null,null,'DEVACC-coffee0528','Normal','Normal',null);
TRUNCATE TABLE `lcap_user_role_mapping_f803ac`;

INSERT INTO `lcap_user_role_mapping_f803ac` (`id`,`created_time`,`updated_time`,`created_by`,`updated_by`,`user_id`,`role_id`,`user_name`,`source`) VALUES (2886000438120960,'2024-06-06 16:31:11','2024-06-06 16:31:11',null,null,'fce8dac8e520d65894efb78aab142d6d',2886000435499520,'DEVACC-coffee0528','Normal');
TRUNCATE TABLE `order_entity`;

INSERT INTO `order_entity` (`id`,`created_time`,`updated_time`,`created_by`,`updated_by`,`total_amount`,`coffee_count`,`order_status`,`consignee_name`,`consignee_phone`,`consignee_area`,`consignee_address`,`pickup_method`,`remark`,`coffee_list`) VALUES (2885858215180032,'2024-06-06 11:41:50','2024-06-06 11:41:50',null,null,83.70,3,'2','fan','13377477272','北京市/北京市/东城区','详细地址111111','0','少加糖','[{\"coffee\":{\"id\":2880383179463680,\"createdTime\":\"2024-05-29T10:02:51.000Z\",\"updatedTime\":\"2024-05-29T10:02:51.000Z\",\"createdBy\":null,\"updatedBy\":null,\"coffeename\":\"浓醇·拿铁\",\"description\":\"入口咖啡香气浓郁，特调厚乳的饱满口感带来顺滑的体验\",\"price\":26.9,\"coffeeImage\":\"/upload/app/POPO-20240425-195823_20240529180248871.png\",\"coffeeCategory\":2880381622860800,\"isDisplay\":true},\"count\":1},{\"coffee\":{\"id\":2884586567388160,\"createdTime\":\"2024-06-04T08:34:40.000Z\",\"updatedTime\":\"2024-06-04T08:34:40.000Z\",\"createdBy\":null,\"updatedBy\":null,\"coffeename\":\"栀子花绿茶拿铁\",\"description\":\"细腻拿铁遇见幽香栀子花,带来一丝 丝轻盈的惬意享受\",\"price\":26.9,\"coffeeImage\":\"/upload/app/POPO-20240426-195023_20240604163431825.png\",\"coffeeCategory\":2880381622860800,\"isDisplay\":true},\"count\":1},{\"coffee\":{\"id\":2880382958058496,\"createdTime\":\"2024-05-29T10:02:24.000Z\",\"updatedTime\":\"2024-05-29T10:02:24.000Z\",\"createdBy\":null,\"updatedBy\":null,\"coffeename\":\"不止·拿铁\",\"description\":\"精粹浓缩咖啡融合云上厚乳，丝丝甜蜜奶香七，弥漫唇齿间\",\"price\":29.9,\"coffeeImage\":\"/upload/app/POPO-20240425-194336_20240529180218346.png\",\"coffeeCategory\":2880381622860800,\"isDisplay\":true},\"count\":1}]');
INSERT INTO `order_entity` (`id`,`created_time`,`updated_time`,`created_by`,`updated_by`,`total_amount`,`coffee_count`,`order_status`,`consignee_name`,`consignee_phone`,`consignee_area`,`consignee_address`,`pickup_method`,`remark`,`coffee_list`) VALUES (2885988288377344,'2024-06-06 16:06:28','2024-06-06 16:06:28',null,null,110.60,4,'2','fan','13388778787','北京市/北京市/东城区','详细地址111','1','少加糖','[{\"coffee\":{\"id\":2880382958058496,\"createdTime\":\"2024-05-29T10:02:24.000Z\",\"updatedTime\":\"2024-05-29T10:02:24.000Z\",\"createdBy\":null,\"updatedBy\":null,\"coffeename\":\"不止·拿铁\",\"description\":\"精粹浓缩咖啡融合云上厚乳，丝丝甜蜜奶香七，弥漫唇齿间\",\"price\":29.9,\"coffeeImage\":\"/upload/app/POPO-20240425-194336_20240529180218346.png\",\"coffeeCategory\":2880381622860800,\"isDisplay\":true},\"count\":1},{\"coffee\":{\"id\":2880383179463680,\"createdTime\":\"2024-05-29T10:02:51.000Z\",\"updatedTime\":\"2024-05-29T10:02:51.000Z\",\"createdBy\":null,\"updatedBy\":null,\"coffeename\":\"浓醇·拿铁\",\"description\":\"入口咖啡香气浓郁，特调厚乳的饱满口感带来顺滑的体验\",\"price\":26.9,\"coffeeImage\":\"/upload/app/POPO-20240425-195823_20240529180248871.png\",\"coffeeCategory\":2880381622860800,\"isDisplay\":true},\"count\":2},{\"coffee\":{\"id\":2884586567388160,\"createdTime\":\"2024-06-04T08:34:40.000Z\",\"updatedTime\":\"2024-06-04T08:34:40.000Z\",\"createdBy\":null,\"updatedBy\":null,\"coffeename\":\"栀子花绿茶拿铁\",\"description\":\"细腻拿铁遇见幽香栀子花,带来一丝 丝轻盈的惬意享受\",\"price\":26.9,\"coffeeImage\":\"/upload/app/POPO-20240426-195023_20240604163431825.png\",\"coffeeCategory\":2880381622860800,\"isDisplay\":true},\"count\":1}]');
INSERT INTO `order_entity` (`id`,`created_time`,`updated_time`,`created_by`,`updated_by`,`total_amount`,`coffee_count`,`order_status`,`consignee_name`,`consignee_phone`,`consignee_area`,`consignee_address`,`pickup_method`,`remark`,`coffee_list`) VALUES (2886002108838400,'2024-06-06 16:34:35','2024-06-06 16:34:35','DEVACC-coffee0528','DEVACC-coffee0528',82.70,3,'2','fan1','14488272891','','','0',null,'[{\"coffee\":{\"id\":2880382958058496,\"createdTime\":\"2024-05-29T10:02:24.000Z\",\"updatedTime\":\"2024-05-29T10:02:24.000Z\",\"createdBy\":null,\"updatedBy\":null,\"coffeename\":\"不止·拿铁\",\"description\":\"精粹浓缩咖啡融合云上厚乳，丝丝甜蜜奶香七，弥漫唇齿间\",\"price\":29.9,\"coffeeImage\":\"/upload/app/POPO-20240425-194336_20240529180218346.png\",\"coffeeCategory\":2880381622860800,\"isDisplay\":true},\"count\":1},{\"coffee\":{\"id\":2880383179463680,\"createdTime\":\"2024-05-29T10:02:51.000Z\",\"updatedTime\":\"2024-05-29T10:02:51.000Z\",\"createdBy\":null,\"updatedBy\":null,\"coffeename\":\"浓醇·拿铁\",\"description\":\"入口咖啡香气浓郁，特调厚乳的饱满口感带来顺滑的体验\",\"price\":26.9,\"coffeeImage\":\"/upload/app/POPO-20240425-195823_20240529180248871.png\",\"coffeeCategory\":2880381622860800,\"isDisplay\":true},\"count\":1},{\"coffee\":{\"id\":2880383840943104,\"createdTime\":\"2024-05-29T10:04:12.000Z\",\"updatedTime\":\"2024-05-29T10:04:12.000Z\",\"createdBy\":null,\"updatedBy\":null,\"coffeename\":\"牛油果生椰冷萃\",\"description\":\"牛油果绵密的果泥融入甘醇冷萃和鲜甜的生椰乳,清甜不腻的绝妙CP\",\"price\":25.9,\"coffeeImage\":\"/upload/app/POPO-20240426-195050_20240529180408720.png\",\"coffeeCategory\":2880381738155008,\"isDisplay\":true},\"count\":1}]');
INSERT INTO `order_entity` (`id`,`created_time`,`updated_time`,`created_by`,`updated_by`,`total_amount`,`coffee_count`,`order_status`,`consignee_name`,`consignee_phone`,`consignee_area`,`consignee_address`,`pickup_method`,`remark`,`coffee_list`) VALUES (2889545936377856,'2024-06-11 16:44:31','2024-06-11 16:44:31',null,null,152.30,7,'2','fan','13388466578','','','0','少加糖','[{\"coffee\":{\"id\":2880382958058496,\"createdTime\":\"2024-05-29T10:02:24.000Z\",\"updatedTime\":\"2024-05-29T10:02:24.000Z\",\"createdBy\":null,\"updatedBy\":null,\"coffeename\":\"不止·拿铁\",\"description\":\"精粹浓缩咖啡融合云上厚乳，丝丝甜蜜奶香七，弥漫唇齿间\",\"price\":29.9,\"coffeeImage\":\"/upload/app/POPO-20240425-194336_20240529180218346.png\",\"coffeeCategory\":2880381622860800,\"isDisplay\":true},\"count\":1},{\"coffee\":{\"id\":2880383179463680,\"createdTime\":\"2024-05-29T10:02:51.000Z\",\"updatedTime\":\"2024-05-29T10:02:51.000Z\",\"createdBy\":null,\"updatedBy\":null,\"coffeename\":\"浓醇·拿铁\",\"description\":\"入口咖啡香气浓郁，特调厚乳的饱满口感带来顺滑的体验\",\"price\":26.9,\"coffeeImage\":\"/upload/app/POPO-20240425-195823_20240529180248871.png\",\"coffeeCategory\":2880381622860800,\"isDisplay\":true},\"count\":2},{\"coffee\":{\"id\":2884586567388160,\"createdTime\":\"2024-06-04T08:34:40.000Z\",\"updatedTime\":\"2024-06-04T08:34:40.000Z\",\"createdBy\":null,\"updatedBy\":null,\"coffeename\":\"栀子花绿茶拿铁\",\"description\":\"细腻拿铁遇见幽香栀子花,带来一丝 丝轻盈的惬意享受\",\"price\":26.9,\"coffeeImage\":\"/upload/app/POPO-20240426-195023_20240604163431825.png\",\"coffeeCategory\":2880381622860800,\"isDisplay\":true},\"count\":1},{\"coffee\":{\"id\":2880383393315840,\"createdTime\":\"2024-05-29T10:03:17.000Z\",\"updatedTime\":\"2024-05-29T10:03:17.000Z\",\"createdBy\":null,\"updatedBy\":null,\"coffeename\":\"鲜萃黑咖·深度烘培\",\"description\":\"可可、雪松风味，回味浓郁，比美式更清爽的口感\",\"price\":9.9,\"coffeeImage\":\"/upload/app/POPO-20240425-200116_20240529180315326.png\",\"coffeeCategory\":2880381679074304,\"isDisplay\":true},\"count\":1},{\"coffee\":{\"id\":2880383598083072,\"createdTime\":\"2024-05-29T10:03:42.000Z\",\"updatedTime\":\"2024-05-29T10:03:42.000Z\",\"createdBy\":null,\"updatedBy\":null,\"coffeename\":\"鲜萃黑咖·中度烘培\",\"description\":\"优质果酸、坚果风味，比美式更清爽的口感\",\"price\":11.9,\"coffeeImage\":\"/upload/app/POPO-20240425-200222_20240529180338821.png\",\"coffeeCategory\":2880381679074304,\"isDisplay\":true},\"count\":1},{\"coffee\":{\"id\":2884586877824000,\"createdTime\":\"2024-06-04T08:35:18.000Z\",\"updatedTime\":\"2024-06-04T08:35:18.000Z\",\"createdBy\":null,\"updatedBy\":null,\"coffeename\":\"满杯车厘子美式\",\"description\":\"每一口都绽放出独特的酸甜风味,与 美式交织出无与伦比的滋味\",\"price\":19.9,\"coffeeImage\":\"/upload/app/POPO-20240426-195045_20240604163511517.png\",\"coffeeCategory\":2880381679074304,\"isDisplay\":true},\"count\":1}]');
INSERT INTO `order_entity` (`id`,`created_time`,`updated_time`,`created_by`,`updated_by`,`total_amount`,`coffee_count`,`order_status`,`consignee_name`,`consignee_phone`,`consignee_area`,`consignee_address`,`pickup_method`,`remark`,`coffee_list`) VALUES (2889546439727104,'2024-06-11 16:45:33','2024-06-11 16:45:33',null,null,142.50,5,'2','fan3','14483638372','','','0',null,'[{\"coffee\":{\"id\":2880382958058496,\"createdTime\":\"2024-05-29T10:02:24.000Z\",\"updatedTime\":\"2024-05-29T10:02:24.000Z\",\"createdBy\":null,\"updatedBy\":null,\"coffeename\":\"不止·拿铁\",\"description\":\"精粹浓缩咖啡融合云上厚乳，丝丝甜蜜奶香七，弥漫唇齿间\",\"price\":29.9,\"coffeeImage\":\"/upload/app/POPO-20240425-194336_20240529180218346.png\",\"coffeeCategory\":2880381622860800,\"isDisplay\":true},\"count\":3},{\"coffee\":{\"id\":2884586567388160,\"createdTime\":\"2024-06-04T08:34:40.000Z\",\"updatedTime\":\"2024-06-04T08:34:40.000Z\",\"createdBy\":null,\"updatedBy\":null,\"coffeename\":\"栀子花绿茶拿铁\",\"description\":\"细腻拿铁遇见幽香栀子花,带来一丝 丝轻盈的惬意享受\",\"price\":26.9,\"coffeeImage\":\"/upload/app/POPO-20240426-195023_20240604163431825.png\",\"coffeeCategory\":2880381622860800,\"isDisplay\":true},\"count\":1},{\"coffee\":{\"id\":2880383840943104,\"createdTime\":\"2024-05-29T10:04:12.000Z\",\"updatedTime\":\"2024-05-29T10:04:12.000Z\",\"createdBy\":null,\"updatedBy\":null,\"coffeename\":\"牛油果生椰冷萃\",\"description\":\"牛油果绵密的果泥融入甘醇冷萃和鲜甜的生椰乳,清甜不腻的绝妙CP\",\"price\":25.9,\"coffeeImage\":\"/upload/app/POPO-20240426-195050_20240529180408720.png\",\"coffeeCategory\":2880381738155008,\"isDisplay\":true},\"count\":1}]');
TRUNCATE TABLE `slide`;

INSERT INTO `slide` (`id`,`created_time`,`updated_time`,`created_by`,`updated_by`,`slide_image`,`display_order`,`is_display`) VALUES (2880381345094656,'2024-05-29 17:59:07','2024-05-29 17:59:07',null,null,'/upload/app/幻灯片1_20240529175902152.png',0,1);
INSERT INTO `slide` (`id`,`created_time`,`updated_time`,`created_by`,`updated_by`,`slide_image`,`display_order`,`is_display`) VALUES (2880381402766336,'2024-05-29 17:59:14','2024-06-11 16:36:30',null,null,'/upload/app/幻灯片2_20240611163626410.jpg',1,1);
INSERT INTO `slide` (`id`,`created_time`,`updated_time`,`created_by`,`updated_by`,`slide_image`,`display_order`,`is_display`) VALUES (2880381494926336,'2024-05-29 17:59:25','2024-05-29 17:59:25',null,null,'/upload/app/最新单品1_20240529175922627.png',2,0);
