{
  "ideVersion": "3.8",
  "name": "lcap_annotation_data_permission",
  "title": "lcap-annotation-data-permission",
  "description": "",
  "specVersion": "1.0.0",
  "type": "module",
  "subType": "extension",
  "version": "1.0.0",
  "externalDependencyMap": {"maven": [{
    "groupId": "com.netease.lowcode",
    "artifactId": "lcap-annotation-data-permission",
    "version": "1.0.0"
  }]},
  "compilerInfoMap": {"java": [
    {
      "type": "annotation",
      "javaTypes": {"useAnno": "Boolean"},
      "naslName": "DataPermissionLogicAnnotation",
      "className": "DataPermissionLogicAnnotation",
      "packageName": "com.netease.lowcode.annotation.datapermission.logic.annotation"
    },
    {
      "type": "annotation",
      "javaTypes": {"useAnno": "Boolean"},
      "naslName": "EntityPermissionAnnotation",
      "className": "EntityPermissionAnnotation",
      "packageName": "com.netease.lowcode.annotation.datapermission.entity.annotation"
    },
    {
      "type": "structure",
      "javaTypes": {
        "code": "String",
        "title": "String"
      },
      "naslName": "PropertyOption",
      "className": "PropertyOption",
      "packageName": "com.netease.lowcode.annotation.datapermission.common.structure"
    },
    {
      "type": "structure",
      "javaTypes": {
        "propertyOptions": "List<com.netease.lowcode.annotation.datapermission.common.structure.PropertyOption>",
        "propertyTitlePath": "String",
        "propertyName": "String",
        "propertyType": "String",
        "propertyTitle": "String"
      },
      "naslName": "LogicPropertyStructure",
      "className": "LogicPropertyStructure",
      "packageName": "com.netease.lowcode.annotation.datapermission.logic.structure"
    },
    {
      "type": "structure",
      "javaTypes": {
        "logicDescription": "String",
        "returnShape": "String",
        "properties": "List<com.netease.lowcode.annotation.datapermission.logic.structure.LogicPropertyStructure>",
        "logicName": "String"
      },
      "naslName": "LogicStructure",
      "className": "LogicStructure",
      "packageName": "com.netease.lowcode.annotation.datapermission.logic.structure"
    },
    {
      "type": "logic",
      "javaTypes": {
        "": "Boolean",
        "logicContextList": "List<com.netease.lowcode.annotation.datapermission.logic.structure.LogicStructure>"
      },
      "naslName": "reportLogic",
      "className": "DataPermissionLogic",
      "packageName": "com.netease.lowcode.annotation.datapermission.logic.logic",
      "modifiers": [
        "public",
        "static"
      ]
    },
    {
      "type": "structure",
      "javaTypes": {
        "COMPARISON_LIKE": "String",
        "COMPARISON_GT": "String",
        "comparison": "String",
        "COMPARISON_EQ": "String",
        "COMPARISON_LEFT_LIKE": "String",
        "values": "List<String>",
        "COMPARISON_NOT_LIKE": "String",
        "COMPARISON_NE": "String",
        "COMPARISON_LE": "String",
        "COMPARISON_RIGHT_LIKE": "String",
        "propertyName": "String",
        "COMPARISON_GE": "String",
        "COMPARISON_NOT_RIGHT_LIKE": "String",
        "COMPARISON_NOT_LEFT_LIKE": "String",
        "COMPARISON_NOT_IN": "String",
        "COMPARISON_IN": "String",
        "COMPARISON_LT": "String"
      },
      "naslName": "RowRuleItem",
      "className": "RowRuleItem",
      "packageName": "com.netease.lowcode.annotation.datapermission.common.structure"
    },
    {
      "type": "structure",
      "javaTypes": {
        "RELATION_OR": "String",
        "children": "List<com.netease.lowcode.annotation.datapermission.common.structure.RowRule>",
        "RELATION_AND": "String",
        "items": "List<com.netease.lowcode.annotation.datapermission.common.structure.RowRuleItem>",
        "relation": "String"
      },
      "naslName": "RowRule",
      "className": "RowRule",
      "packageName": "com.netease.lowcode.annotation.datapermission.common.structure"
    },
    {
      "type": "structure",
      "javaTypes": {
        "COLUMN_RULE_TYPE_READ": "String",
        "propertyName": "String",
        "COLUMN_RULE_TYPE_READ_WRITE": "String",
        "columnRuleType": "String",
        "COLUMN_RULE_TYPE_NONE": "String"
      },
      "naslName": "ColumnRule",
      "className": "ColumnRule",
      "packageName": "com.netease.lowcode.annotation.datapermission.common.structure"
    },
    {
      "type": "structure",
      "javaTypes": {
        "rowRule": "com.netease.lowcode.annotation.datapermission.common.structure.RowRule",
        "columnRules": "List<com.netease.lowcode.annotation.datapermission.common.structure.ColumnRule>"
      },
      "naslName": "DataPermission",
      "className": "DataPermission",
      "packageName": "com.netease.lowcode.annotation.datapermission.common.structure"
    },
    {
      "type": "structure",
      "javaTypes": {
        "dataPermissions": "List<com.netease.lowcode.annotation.datapermission.common.structure.DataPermission>",
        "RESOURCE_TYPE_LOGIC": "String",
        "RESOURCE_TYPE_ENTITY": "String",
        "resourceName": "String",
        "resourceType": "String"
      },
      "naslName": "ResourceDataPermission",
      "className": "ResourceDataPermission",
      "packageName": "com.netease.lowcode.annotation.datapermission.common.structure"
    },
    {
      "type": "logic",
      "javaTypes": {
        "": "List<com.netease.lowcode.annotation.datapermission.common.structure.ResourceDataPermission>",
        "logicNames": "List<String>"
      },
      "naslName": "getLogicDataPermissions",
      "className": "DataPermissionLogic",
      "packageName": "com.netease.lowcode.annotation.datapermission.logic.logic",
      "modifiers": [
        "public",
        "static"
      ]
    },
    {
      "type": "structure",
      "javaTypes": {
        "propertyOptions": "List<com.netease.lowcode.annotation.datapermission.common.structure.PropertyOption>",
        "propertyName": "String",
        "propertyType": "String",
        "propertyTitle": "String",
        "columnName": "String"
      },
      "naslName": "EntityPropertyStructure",
      "className": "EntityPropertyStructure",
      "packageName": "com.netease.lowcode.annotation.datapermission.entity.structure"
    },
    {
      "type": "structure",
      "javaTypes": {
        "entityDescription": "String",
        "entityName": "String",
        "properties": "List<com.netease.lowcode.annotation.datapermission.entity.structure.EntityPropertyStructure>",
        "tableName": "String"
      },
      "naslName": "EntityStructure",
      "className": "EntityStructure",
      "packageName": "com.netease.lowcode.annotation.datapermission.entity.structure"
    },
    {
      "type": "logic",
      "javaTypes": {
        "": "Boolean",
        "entityContextList": "List<com.netease.lowcode.annotation.datapermission.entity.structure.EntityStructure>"
      },
      "naslName": "reportEntity",
      "className": "DataPermissionLogic",
      "packageName": "com.netease.lowcode.annotation.datapermission.entity.logic",
      "modifiers": [
        "public",
        "static"
      ]
    },
    {
      "type": "logic",
      "javaTypes": {
        "": "List<com.netease.lowcode.annotation.datapermission.common.structure.ResourceDataPermission>",
        "entityNames": "List<String>"
      },
      "naslName": "getEntityDataPermissions",
      "className": "DataPermissionLogic",
      "packageName": "com.netease.lowcode.annotation.datapermission.entity.logic",
      "modifiers": [
        "public",
        "static"
      ]
    }
  ]},
  "configuration": {
    "concept": "Configuration",
    "groups": [{
      "concept": "ConfigGroup",
      "name": "custom",
      "properties": [
        {
          "concept": "ConfigProperty",
          "name": "dataPermissionCacheExpireSeconds",
          "description": "数据权限规则的缓存过期时间，单位为秒 类型为Long",
          "values": [
            {
              "concept": "ConfigPropertyValue",
              "env": "dev",
              "value": "60"
            },
            {
              "concept": "ConfigPropertyValue",
              "env": "online",
              "value": "60"
            }
          ]
        },
        {
          "concept": "ConfigProperty",
          "name": "dataPermissionCacheMaximumSize",
          "description": "数据权限规则的缓存空间大小 类型为Long",
          "values": [
            {
              "concept": "ConfigPropertyValue",
              "env": "dev",
              "value": "60"
            },
            {
              "concept": "ConfigPropertyValue",
              "env": "online",
              "value": "60"
            }
          ]
        },
        {
          "concept": "ConfigProperty",
          "name": "skipLCAPEntity",
          "description": "数据权限是否不对系统实体进行控制",
          "values": [
            {
              "concept": "ConfigPropertyValue",
              "env": "dev",
              "value": "true"
            },
            {
              "concept": "ConfigPropertyValue",
              "env": "online",
              "value": "true"
            }
          ]
        }
      ]
    }]
  },
  "annotations": [
    {
      "concept": "Annotation",
      "applyTo": ["Logic"],
      "description": "数据权限",
      "name": "DataPermissionLogicAnnotation",
      "properties": [{
        "concept": "AnnotationProperty",
        "title": "是否开启数据权限",
        "name": "useAnno",
        "typeAnnotation": {
          "concept": "TypeAnnotation",
          "typeKind": "primitive",
          "typeNamespace": "nasl.core",
          "typeName": "Boolean"
        },
        "setter": {"concept": "SwitchSetter"},
        "defaultValue": {
          "concept": "DefaultValue",
          "expression": {
            "concept": "BooleanLiteral",
            "value": "false",
            "typeAnnotation": {
              "concept": "TypeAnnotation",
              "typeKind": "primitive",
              "typeNamespace": "nasl.core",
              "typeName": "Boolean"
            }
          }
        }
      }]
    },
    {
      "concept": "Annotation",
      "applyTo": ["Entity"],
      "description": "数据权限",
      "name": "EntityPermissionAnnotation",
      "properties": [{
        "concept": "AnnotationProperty",
        "title": "是否开启数据权限",
        "name": "useAnno",
        "typeAnnotation": {
          "concept": "TypeAnnotation",
          "typeKind": "primitive",
          "typeNamespace": "nasl.core",
          "typeName": "Boolean"
        },
        "setter": {"concept": "SwitchSetter"},
        "defaultValue": {
          "concept": "DefaultValue",
          "expression": {
            "concept": "BooleanLiteral",
            "value": "false",
            "typeAnnotation": {
              "concept": "TypeAnnotation",
              "typeKind": "primitive",
              "typeNamespace": "nasl.core",
              "typeName": "Boolean"
            }
          }
        }
      }]
    }
  ],
  "logics": [
    {
      "concept": "Logic",
      "name": "reportLogic",
      "description": "逻辑资源上报Logic",
      "overridable": true,
      "typeParams": [],
      "params": [{
        "concept": "Param",
        "name": "logicContextList",
        "typeAnnotation": {
          "concept": "TypeAnnotation",
          "typeKind": "generic",
          "typeNamespace": "nasl.collection",
          "typeName": "List",
          "typeArguments": [{
            "concept": "TypeAnnotation",
            "typeKind": "reference",
            "typeNamespace": "extensions.lcap_annotation_data_permission.structures",
            "typeName": "LogicStructure"
          }]
        },
        "required": false,
        "spread": false
      }],
      "returns": [{
        "concept": "Return",
        "name": "result",
        "typeAnnotation": {
          "concept": "TypeAnnotation",
          "typeKind": "primitive",
          "typeNamespace": "nasl.core",
          "typeName": "Boolean"
        }
      }]
    },
    {
      "concept": "Logic",
      "name": "getLogicDataPermissions",
      "description": "获取逻辑的数据权限",
      "overridable": true,
      "typeParams": [],
      "params": [{
        "concept": "Param",
        "name": "logicNames",
        "typeAnnotation": {
          "concept": "TypeAnnotation",
          "typeKind": "generic",
          "typeNamespace": "nasl.collection",
          "typeName": "List",
          "typeArguments": [{
            "concept": "TypeAnnotation",
            "typeKind": "primitive",
            "typeNamespace": "nasl.core",
            "typeName": "String"
          }]
        },
        "required": false,
        "spread": false
      }],
      "returns": [{
        "concept": "Return",
        "name": "result",
        "typeAnnotation": {
          "concept": "TypeAnnotation",
          "typeKind": "generic",
          "typeNamespace": "nasl.collection",
          "typeName": "List",
          "typeArguments": [{
            "concept": "TypeAnnotation",
            "typeKind": "reference",
            "typeNamespace": "extensions.lcap_annotation_data_permission.structures",
            "typeName": "ResourceDataPermission"
          }]
        }
      }]
    },
    {
      "concept": "Logic",
      "name": "reportEntity",
      "description": "实体资源上报Logic",
      "overridable": true,
      "typeParams": [],
      "params": [{
        "concept": "Param",
        "name": "entityContextList",
        "typeAnnotation": {
          "concept": "TypeAnnotation",
          "typeKind": "generic",
          "typeNamespace": "nasl.collection",
          "typeName": "List",
          "typeArguments": [{
            "concept": "TypeAnnotation",
            "typeKind": "reference",
            "typeNamespace": "extensions.lcap_annotation_data_permission.structures",
            "typeName": "EntityStructure"
          }]
        },
        "required": false,
        "spread": false
      }],
      "returns": [{
        "concept": "Return",
        "name": "result",
        "typeAnnotation": {
          "concept": "TypeAnnotation",
          "typeKind": "primitive",
          "typeNamespace": "nasl.core",
          "typeName": "Boolean"
        }
      }]
    },
    {
      "concept": "Logic",
      "name": "getEntityDataPermissions",
      "description": "获取实体的数据权限",
      "overridable": true,
      "typeParams": [],
      "params": [{
        "concept": "Param",
        "name": "entityNames",
        "typeAnnotation": {
          "concept": "TypeAnnotation",
          "typeKind": "generic",
          "typeNamespace": "nasl.collection",
          "typeName": "List",
          "typeArguments": [{
            "concept": "TypeAnnotation",
            "typeKind": "primitive",
            "typeNamespace": "nasl.core",
            "typeName": "String"
          }]
        },
        "required": false,
        "spread": false
      }],
      "returns": [{
        "concept": "Return",
        "name": "result",
        "typeAnnotation": {
          "concept": "TypeAnnotation",
          "typeKind": "generic",
          "typeNamespace": "nasl.collection",
          "typeName": "List",
          "typeArguments": [{
            "concept": "TypeAnnotation",
            "typeKind": "reference",
            "typeNamespace": "extensions.lcap_annotation_data_permission.structures",
            "typeName": "ResourceDataPermission"
          }]
        }
      }]
    }
  ],
  "structures": [
    {
      "concept": "Structure",
      "name": "PropertyOption",
      "description": "",
      "properties": [
        {
          "concept": "StructureProperty",
          "name": "code",
          "typeAnnotation": {
            "concept": "TypeAnnotation",
            "typeKind": "primitive",
            "typeNamespace": "nasl.core",
            "typeName": "String"
          },
          "required": false
        },
        {
          "concept": "StructureProperty",
          "name": "title",
          "typeAnnotation": {
            "concept": "TypeAnnotation",
            "typeKind": "primitive",
            "typeNamespace": "nasl.core",
            "typeName": "String"
          },
          "required": false
        }
      ]
    },
    {
      "concept": "Structure",
      "name": "LogicPropertyStructure",
      "description": "",
      "properties": [
        {
          "concept": "StructureProperty",
          "name": "propertyName",
          "description": "属性名称 e.g.1: id e.g.2: user.schools[].address.cityCode",
          "typeAnnotation": {
            "concept": "TypeAnnotation",
            "typeKind": "primitive",
            "typeNamespace": "nasl.core",
            "typeName": "String"
          },
          "required": false
        },
        {
          "concept": "StructureProperty",
          "name": "propertyTitle",
          "description": "属性的描述 e.g.1: 主键 e.g.2: 名",
          "typeAnnotation": {
            "concept": "TypeAnnotation",
            "typeKind": "primitive",
            "typeNamespace": "nasl.core",
            "typeName": "String"
          },
          "required": false
        },
        {
          "concept": "StructureProperty",
          "name": "propertyTitlePath",
          "description": "属性路径上每一层的描述 e.g.1: 主键 e.g.2: 上过的学校 当前校长 曾用名 名",
          "typeAnnotation": {
            "concept": "TypeAnnotation",
            "typeKind": "primitive",
            "typeNamespace": "nasl.core",
            "typeName": "String"
          },
          "required": false
        },
        {
          "concept": "StructureProperty",
          "name": "propertyType",
          "description": "属性类型",
          "typeAnnotation": {
            "concept": "TypeAnnotation",
            "typeKind": "primitive",
            "typeNamespace": "nasl.core",
            "typeName": "String"
          },
          "required": false
        },
        {
          "concept": "StructureProperty",
          "name": "propertyOptions",
          "description": "属性可选项",
          "typeAnnotation": {
            "concept": "TypeAnnotation",
            "typeKind": "generic",
            "typeNamespace": "nasl.collection",
            "typeName": "List",
            "typeArguments": [{
              "concept": "TypeAnnotation",
              "typeKind": "reference",
              "typeNamespace": "extensions.lcap_annotation_data_permission.structures",
              "typeName": "PropertyOption"
            }]
          },
          "required": false
        }
      ]
    },
    {
      "concept": "Structure",
      "name": "LogicStructure",
      "description": "",
      "properties": [
        {
          "concept": "StructureProperty",
          "name": "logicName",
          "description": "逻辑名称",
          "typeAnnotation": {
            "concept": "TypeAnnotation",
            "typeKind": "primitive",
            "typeNamespace": "nasl.core",
            "typeName": "String"
          },
          "required": false
        },
        {
          "concept": "StructureProperty",
          "name": "logicDescription",
          "description": "逻辑描述",
          "typeAnnotation": {
            "concept": "TypeAnnotation",
            "typeKind": "primitive",
            "typeNamespace": "nasl.core",
            "typeName": "String"
          },
          "required": false
        },
        {
          "concept": "StructureProperty",
          "name": "returnShape",
          "description": "返回值的形式",
          "typeAnnotation": {
            "concept": "TypeAnnotation",
            "typeKind": "primitive",
            "typeNamespace": "nasl.core",
            "typeName": "String"
          },
          "required": false
        },
        {
          "concept": "StructureProperty",
          "name": "properties",
          "description": "属性列表 1. 若returnShape为simpleValue、listOfSimpleValues、pageOfSimpleValues，则properties只有1个property元素，且它的propertyName固定为null 2. 若returnShape为object、listOfObjects、pageOfObjects，则properties代表返回值中的Object中的展开后的属性列表",
          "typeAnnotation": {
            "concept": "TypeAnnotation",
            "typeKind": "generic",
            "typeNamespace": "nasl.collection",
            "typeName": "List",
            "typeArguments": [{
              "concept": "TypeAnnotation",
              "typeKind": "reference",
              "typeNamespace": "extensions.lcap_annotation_data_permission.structures",
              "typeName": "LogicPropertyStructure"
            }]
          },
          "required": false
        }
      ]
    },
    {
      "concept": "Structure",
      "name": "RowRuleItem",
      "description": "",
      "properties": [
        {
          "concept": "StructureProperty",
          "name": "COMPARISON_EQ",
          "typeAnnotation": {
            "concept": "TypeAnnotation",
            "typeKind": "primitive",
            "typeNamespace": "nasl.core",
            "typeName": "String"
          },
          "required": false
        },
        {
          "concept": "StructureProperty",
          "name": "COMPARISON_NE",
          "typeAnnotation": {
            "concept": "TypeAnnotation",
            "typeKind": "primitive",
            "typeNamespace": "nasl.core",
            "typeName": "String"
          },
          "required": false
        },
        {
          "concept": "StructureProperty",
          "name": "COMPARISON_GT",
          "typeAnnotation": {
            "concept": "TypeAnnotation",
            "typeKind": "primitive",
            "typeNamespace": "nasl.core",
            "typeName": "String"
          },
          "required": false
        },
        {
          "concept": "StructureProperty",
          "name": "COMPARISON_LT",
          "typeAnnotation": {
            "concept": "TypeAnnotation",
            "typeKind": "primitive",
            "typeNamespace": "nasl.core",
            "typeName": "String"
          },
          "required": false
        },
        {
          "concept": "StructureProperty",
          "name": "COMPARISON_GE",
          "typeAnnotation": {
            "concept": "TypeAnnotation",
            "typeKind": "primitive",
            "typeNamespace": "nasl.core",
            "typeName": "String"
          },
          "required": false
        },
        {
          "concept": "StructureProperty",
          "name": "COMPARISON_LE",
          "typeAnnotation": {
            "concept": "TypeAnnotation",
            "typeKind": "primitive",
            "typeNamespace": "nasl.core",
            "typeName": "String"
          },
          "required": false
        },
        {
          "concept": "StructureProperty",
          "name": "COMPARISON_LIKE",
          "typeAnnotation": {
            "concept": "TypeAnnotation",
            "typeKind": "primitive",
            "typeNamespace": "nasl.core",
            "typeName": "String"
          },
          "required": false
        },
        {
          "concept": "StructureProperty",
          "name": "COMPARISON_NOT_LIKE",
          "typeAnnotation": {
            "concept": "TypeAnnotation",
            "typeKind": "primitive",
            "typeNamespace": "nasl.core",
            "typeName": "String"
          },
          "required": false
        },
        {
          "concept": "StructureProperty",
          "name": "COMPARISON_LEFT_LIKE",
          "typeAnnotation": {
            "concept": "TypeAnnotation",
            "typeKind": "primitive",
            "typeNamespace": "nasl.core",
            "typeName": "String"
          },
          "required": false
        },
        {
          "concept": "StructureProperty",
          "name": "COMPARISON_NOT_LEFT_LIKE",
          "typeAnnotation": {
            "concept": "TypeAnnotation",
            "typeKind": "primitive",
            "typeNamespace": "nasl.core",
            "typeName": "String"
          },
          "required": false
        },
        {
          "concept": "StructureProperty",
          "name": "COMPARISON_RIGHT_LIKE",
          "typeAnnotation": {
            "concept": "TypeAnnotation",
            "typeKind": "primitive",
            "typeNamespace": "nasl.core",
            "typeName": "String"
          },
          "required": false
        },
        {
          "concept": "StructureProperty",
          "name": "COMPARISON_NOT_RIGHT_LIKE",
          "typeAnnotation": {
            "concept": "TypeAnnotation",
            "typeKind": "primitive",
            "typeNamespace": "nasl.core",
            "typeName": "String"
          },
          "required": false
        },
        {
          "concept": "StructureProperty",
          "name": "COMPARISON_IN",
          "typeAnnotation": {
            "concept": "TypeAnnotation",
            "typeKind": "primitive",
            "typeNamespace": "nasl.core",
            "typeName": "String"
          },
          "required": false
        },
        {
          "concept": "StructureProperty",
          "name": "COMPARISON_NOT_IN",
          "typeAnnotation": {
            "concept": "TypeAnnotation",
            "typeKind": "primitive",
            "typeNamespace": "nasl.core",
            "typeName": "String"
          },
          "required": false
        },
        {
          "concept": "StructureProperty",
          "name": "propertyName",
          "description": "属性名，只支持String、Date、Time、DateTime、Boolean、Integer、Decimal、Enum类型的属性作为行权限",
          "typeAnnotation": {
            "concept": "TypeAnnotation",
            "typeKind": "primitive",
            "typeNamespace": "nasl.core",
            "typeName": "String"
          },
          "required": false
        },
        {
          "concept": "StructureProperty",
          "name": "comparison",
          "description": "逻辑比较符，可选值\"EQ\"、\"NE\"、\"GT\"、\"LT\"、\"GE\"、\"LE\"、\"LIKE\"、\"NOT_LIKE\"、\"LEFT_LIKE\"、\"NOT_LEFT_LIKE\"、\"RIGHT_LIKE \"、\"NOT_RIGHT_LIKE\"、\"IN\"、\"NOT_IN\" @see RowRuleItem#COMPARISON_EQ @see RowRuleItem#COMPARISON_NE @see RowRuleItem#COMPARISON_GT @see RowRuleItem#COMPARISON_LT @see RowRuleItem#COMPARISON_GE @see RowRuleItem#COMPARISON_LE @see RowRuleItem#COMPARISON_LIKE @see RowRuleItem#COMPARISON_NOT_LIKE @see RowRuleItem#COMPARISON_LEFT_LIKE @see RowRuleItem#COMPARISON_NOT_LEFT_LIKE @see RowRuleItem#COMPARISON_RIGHT_LIKE @see RowRuleItem#COMPARISON_NOT_RIGHT_LIKE @see RowRuleItem#COMPARISON_IN @see RowRuleItem#COMPARISON_NOT_IN",
          "typeAnnotation": {
            "concept": "TypeAnnotation",
            "typeKind": "primitive",
            "typeNamespace": "nasl.core",
            "typeName": "String"
          },
          "required": false
        },
        {
          "concept": "StructureProperty",
          "name": "values",
          "typeAnnotation": {
            "concept": "TypeAnnotation",
            "typeKind": "generic",
            "typeNamespace": "nasl.collection",
            "typeName": "List",
            "typeArguments": [{
              "concept": "TypeAnnotation",
              "typeKind": "primitive",
              "typeNamespace": "nasl.core",
              "typeName": "String"
            }]
          },
          "required": false
        }
      ]
    },
    {
      "concept": "Structure",
      "name": "RowRule",
      "description": "",
      "properties": [
        {
          "concept": "StructureProperty",
          "name": "RELATION_OR",
          "typeAnnotation": {
            "concept": "TypeAnnotation",
            "typeKind": "primitive",
            "typeNamespace": "nasl.core",
            "typeName": "String"
          },
          "required": false
        },
        {
          "concept": "StructureProperty",
          "name": "RELATION_AND",
          "typeAnnotation": {
            "concept": "TypeAnnotation",
            "typeKind": "primitive",
            "typeNamespace": "nasl.core",
            "typeName": "String"
          },
          "required": false
        },
        {
          "concept": "StructureProperty",
          "name": "relation",
          "description": "本层行规则间的逻辑关系符，不能为null，可选值\"OR\"、\"AND\" @see RowRule#RELATION_OR @see RowRule#RELATION_AND",
          "typeAnnotation": {
            "concept": "TypeAnnotation",
            "typeKind": "primitive",
            "typeNamespace": "nasl.core",
            "typeName": "String"
          },
          "required": false
        },
        {
          "concept": "StructureProperty",
          "name": "items",
          "description": "本层行规则列表，不能为empty",
          "typeAnnotation": {
            "concept": "TypeAnnotation",
            "typeKind": "generic",
            "typeNamespace": "nasl.collection",
            "typeName": "List",
            "typeArguments": [{
              "concept": "TypeAnnotation",
              "typeKind": "reference",
              "typeNamespace": "extensions.lcap_annotation_data_permission.structures",
              "typeName": "RowRuleItem"
            }]
          },
          "required": false
        },
        {
          "concept": "StructureProperty",
          "name": "children",
          "description": "子行规则列表",
          "typeAnnotation": {
            "concept": "TypeAnnotation",
            "typeKind": "generic",
            "typeNamespace": "nasl.collection",
            "typeName": "List",
            "typeArguments": [{
              "concept": "TypeAnnotation",
              "typeKind": "reference",
              "typeNamespace": "extensions.lcap_annotation_data_permission.structures",
              "typeName": "RowRule"
            }]
          },
          "required": false
        }
      ]
    },
    {
      "concept": "Structure",
      "name": "ColumnRule",
      "description": "",
      "properties": [
        {
          "concept": "StructureProperty",
          "name": "COLUMN_RULE_TYPE_NONE",
          "typeAnnotation": {
            "concept": "TypeAnnotation",
            "typeKind": "primitive",
            "typeNamespace": "nasl.core",
            "typeName": "String"
          },
          "required": false
        },
        {
          "concept": "StructureProperty",
          "name": "COLUMN_RULE_TYPE_READ",
          "typeAnnotation": {
            "concept": "TypeAnnotation",
            "typeKind": "primitive",
            "typeNamespace": "nasl.core",
            "typeName": "String"
          },
          "required": false
        },
        {
          "concept": "StructureProperty",
          "name": "COLUMN_RULE_TYPE_READ_WRITE",
          "typeAnnotation": {
            "concept": "TypeAnnotation",
            "typeKind": "primitive",
            "typeNamespace": "nasl.core",
            "typeName": "String"
          },
          "required": false
        },
        {
          "concept": "StructureProperty",
          "name": "propertyName",
          "description": "属性名，不能为null",
          "typeAnnotation": {
            "concept": "TypeAnnotation",
            "typeKind": "primitive",
            "typeNamespace": "nasl.core",
            "typeName": "String"
          },
          "required": false
        },
        {
          "concept": "StructureProperty",
          "name": "columnRuleType",
          "description": "该属性的列规则，不能为null， 对于实体，可选值为\"none\"、\"read\"、\"readWrite\" 对于逻辑、可选值为\"none\"、\"read\" @see #COLUMN_RULE_TYPE_NONE @see #COLUMN_RULE_TYPE_READ @see #COLUMN_RULE_TYPE_READ_WRITE",
          "typeAnnotation": {
            "concept": "TypeAnnotation",
            "typeKind": "primitive",
            "typeNamespace": "nasl.core",
            "typeName": "String"
          },
          "required": false
        }
      ]
    },
    {
      "concept": "Structure",
      "name": "DataPermission",
      "description": "",
      "properties": [
        {
          "concept": "StructureProperty",
          "name": "rowRule",
          "description": "行权限",
          "typeAnnotation": {
            "concept": "TypeAnnotation",
            "typeKind": "reference",
            "typeNamespace": "extensions.lcap_annotation_data_permission.structures",
            "typeName": "RowRule"
          },
          "required": false
        },
        {
          "concept": "StructureProperty",
          "name": "columnRules",
          "description": "列权限",
          "typeAnnotation": {
            "concept": "TypeAnnotation",
            "typeKind": "generic",
            "typeNamespace": "nasl.collection",
            "typeName": "List",
            "typeArguments": [{
              "concept": "TypeAnnotation",
              "typeKind": "reference",
              "typeNamespace": "extensions.lcap_annotation_data_permission.structures",
              "typeName": "ColumnRule"
            }]
          },
          "required": false
        }
      ]
    },
    {
      "concept": "Structure",
      "name": "ResourceDataPermission",
      "description": "",
      "properties": [
        {
          "concept": "StructureProperty",
          "name": "RESOURCE_TYPE_ENTITY",
          "typeAnnotation": {
            "concept": "TypeAnnotation",
            "typeKind": "primitive",
            "typeNamespace": "nasl.core",
            "typeName": "String"
          },
          "required": false
        },
        {
          "concept": "StructureProperty",
          "name": "RESOURCE_TYPE_LOGIC",
          "typeAnnotation": {
            "concept": "TypeAnnotation",
            "typeKind": "primitive",
            "typeNamespace": "nasl.core",
            "typeName": "String"
          },
          "required": false
        },
        {
          "concept": "StructureProperty",
          "name": "resourceName",
          "description": "资源名，不能为null",
          "typeAnnotation": {
            "concept": "TypeAnnotation",
            "typeKind": "primitive",
            "typeNamespace": "nasl.core",
            "typeName": "String"
          },
          "required": false
        },
        {
          "concept": "StructureProperty",
          "name": "resourceType",
          "description": "资源类型，不能为null，可选值\"ENTITY\"、\"LOGIC\" @see ResourceDataPermission#RESOURCE_TYPE_ENTITY @see ResourceDataPermission#RESOURCE_TYPE_LOGIC",
          "typeAnnotation": {
            "concept": "TypeAnnotation",
            "typeKind": "primitive",
            "typeNamespace": "nasl.core",
            "typeName": "String"
          },
          "required": false
        },
        {
          "concept": "StructureProperty",
          "name": "dataPermissions",
          "description": "被授予的数据权限，empty代表未被授予数据权限",
          "typeAnnotation": {
            "concept": "TypeAnnotation",
            "typeKind": "generic",
            "typeNamespace": "nasl.collection",
            "typeName": "List",
            "typeArguments": [{
              "concept": "TypeAnnotation",
              "typeKind": "reference",
              "typeNamespace": "extensions.lcap_annotation_data_permission.structures",
              "typeName": "DataPermission"
            }]
          },
          "required": false
        }
      ]
    },
    {
      "concept": "Structure",
      "name": "EntityPropertyStructure",
      "description": "",
      "properties": [
        {
          "concept": "StructureProperty",
          "name": "propertyName",
          "description": "属性名称",
          "typeAnnotation": {
            "concept": "TypeAnnotation",
            "typeKind": "primitive",
            "typeNamespace": "nasl.core",
            "typeName": "String"
          },
          "required": false
        },
        {
          "concept": "StructureProperty",
          "name": "propertyTitle",
          "description": "属性标题",
          "typeAnnotation": {
            "concept": "TypeAnnotation",
            "typeKind": "primitive",
            "typeNamespace": "nasl.core",
            "typeName": "String"
          },
          "required": false
        },
        {
          "concept": "StructureProperty",
          "name": "propertyType",
          "description": "属性类型",
          "typeAnnotation": {
            "concept": "TypeAnnotation",
            "typeKind": "primitive",
            "typeNamespace": "nasl.core",
            "typeName": "String"
          },
          "required": false
        },
        {
          "concept": "StructureProperty",
          "name": "columnName",
          "description": "数据库列名",
          "typeAnnotation": {
            "concept": "TypeAnnotation",
            "typeKind": "primitive",
            "typeNamespace": "nasl.core",
            "typeName": "String"
          },
          "required": false
        },
        {
          "concept": "StructureProperty",
          "name": "propertyOptions",
          "description": "属性可选项",
          "typeAnnotation": {
            "concept": "TypeAnnotation",
            "typeKind": "generic",
            "typeNamespace": "nasl.collection",
            "typeName": "List",
            "typeArguments": [{
              "concept": "TypeAnnotation",
              "typeKind": "reference",
              "typeNamespace": "extensions.lcap_annotation_data_permission.structures",
              "typeName": "PropertyOption"
            }]
          },
          "required": false
        }
      ]
    },
    {
      "concept": "Structure",
      "name": "EntityStructure",
      "description": "",
      "properties": [
        {
          "concept": "StructureProperty",
          "name": "entityName",
          "description": "实体名称 e.g.: defaultOS.Foo",
          "typeAnnotation": {
            "concept": "TypeAnnotation",
            "typeKind": "primitive",
            "typeNamespace": "nasl.core",
            "typeName": "String"
          },
          "required": false
        },
        {
          "concept": "StructureProperty",
          "name": "tableName",
          "description": "表名",
          "typeAnnotation": {
            "concept": "TypeAnnotation",
            "typeKind": "primitive",
            "typeNamespace": "nasl.core",
            "typeName": "String"
          },
          "required": false
        },
        {
          "concept": "StructureProperty",
          "name": "entityDescription",
          "description": "实体描述",
          "typeAnnotation": {
            "concept": "TypeAnnotation",
            "typeKind": "primitive",
            "typeNamespace": "nasl.core",
            "typeName": "String"
          },
          "required": false
        },
        {
          "concept": "StructureProperty",
          "name": "properties",
          "description": "实体属性列表",
          "typeAnnotation": {
            "concept": "TypeAnnotation",
            "typeKind": "generic",
            "typeNamespace": "nasl.collection",
            "typeName": "List",
            "typeArguments": [{
              "concept": "TypeAnnotation",
              "typeKind": "reference",
              "typeNamespace": "extensions.lcap_annotation_data_permission.structures",
              "typeName": "EntityPropertyStructure"
            }]
          },
          "required": false
        }
      ]
    }
  ],
  "summary": {
    "name": "lcap_annotation_data_permission",
    "title": "lcap-annotation-data-permission",
    "version": "1.0.0",
    "description": "",
    "logics": [
      {
        "name": "reportLogic",
        "description": "逻辑资源上报Logic"
      },
      {
        "name": "getLogicDataPermissions",
        "description": "获取逻辑的数据权限"
      },
      {
        "name": "reportEntity",
        "description": "实体资源上报Logic"
      },
      {
        "name": "getEntityDataPermissions",
        "description": "获取实体的数据权限"
      }
    ]
  }
}