{
  "ideVersion": "3.4",
  "name": "lcap_user",
  "title": "lcap-user",
  "description": "",
  "specVersion": "1.0.0",
  "type": "module",
  "subType": "extension",
  "version": "1.0.1",
  "externalDependencyMap": {"maven": [{
    "groupId": "com.netease.lowcode",
    "artifactId": "lcap-user",
    "version": "1.0.1"
  }]},
  "compilerInfoMap": {"java": [
    {
      "javaTypes": {
        "deptId": "String",
        "name": "String",
        "parentDeptId": "String"
      },
      "type": "structure",
      "naslName": "Department",
      "className": "Department",
      "packageName": "com.netease.lowcode.user.domain"
    },
    {
      "javaTypes": {
        "extendConditionMap": "Map<String, String>",
        "offset": "Integer",
        "limit": "Integer",
        "roleName": "String",
        "env": "String"
      },
      "type": "structure",
      "naslName": "RoleQuery",
      "className": "RoleQuery",
      "packageName": "com.netease.lowcode.user.domain"
    },
    {
      "javaTypes": {
        "roleId": "String",
        "roleName": "String",
        "env": "String"
      },
      "type": "structure",
      "naslName": "Role",
      "className": "Role",
      "packageName": "com.netease.lowcode.user.domain"
    },
    {
      "javaTypes": {
        "source": "String",
        "env": "String",
        "userName": "String",
        "userId": "String"
      },
      "type": "structure",
      "naslName": "User",
      "className": "User",
      "packageName": "com.netease.lowcode.user.domain"
    },
    {
      "javaTypes": {
        "extendConditionMap": "Map<String, String>",
        "offset": "Integer",
        "limit": "Integer",
        "env": "String",
        "userName": "String"
      },
      "type": "structure",
      "naslName": "UserQuery",
      "className": "UserQuery",
      "packageName": "com.netease.lowcode.user.domain"
    },
    {
      "javaTypes": {
        "": "List<com.netease.lowcode.user.domain.User>",
        "query": "com.netease.lowcode.user.domain.UserQuery"
      },
      "type": "logic",
      "naslName": "getUserList",
      "className": "LCAPUserService",
      "packageName": "com.netease.lowcode.user",
      "modifiers": [
        "public",
        "static"
      ]
    },
    {
      "javaTypes": {
        "": "List<com.netease.lowcode.user.domain.Role>",
        "roleListQuery": "com.netease.lowcode.user.domain.RoleQuery"
      },
      "type": "logic",
      "naslName": "getRoleList",
      "className": "LCAPUserService",
      "packageName": "com.netease.lowcode.user",
      "modifiers": [
        "public",
        "static"
      ]
    },
    {
      "javaTypes": {
        "": "List<com.netease.lowcode.user.domain.User>",
        "roleId": "String"
      },
      "type": "logic",
      "naslName": "getUserListByRoleId",
      "className": "LCAPUserService",
      "packageName": "com.netease.lowcode.user",
      "modifiers": [
        "public",
        "static"
      ]
    },
    {
      "javaTypes": {
        "": "com.netease.lowcode.user.domain.User",
        "userId": "String",
        "level": "Long"
      },
      "type": "logic",
      "naslName": "getUserLevelNthUpDirectManager",
      "className": "LCAPUserService",
      "packageName": "com.netease.lowcode.user",
      "modifiers": [
        "public",
        "static"
      ]
    },
    {
      "javaTypes": {
        "": "com.netease.lowcode.user.domain.User",
        "userId": "String",
        "level": "Long"
      },
      "type": "logic",
      "naslName": "getUserLevelNthUpDeptManager",
      "className": "LCAPUserService",
      "packageName": "com.netease.lowcode.user",
      "modifiers": [
        "public",
        "static"
      ]
    },
    {
      "javaTypes": {
        "": "com.netease.lowcode.user.domain.User",
        "userId": "String",
        "level": "Long"
      },
      "type": "logic",
      "naslName": "getUserLevelNthDeptManager",
      "className": "LCAPUserService",
      "packageName": "com.netease.lowcode.user",
      "modifiers": [
        "public",
        "static"
      ]
    },
    {
      "javaTypes": {
        "": "List<com.netease.lowcode.user.domain.User>",
        "deptId": "String",
        "managerOnly": "Boolean"
      },
      "type": "logic",
      "naslName": "getDeptUsers",
      "className": "LCAPUserService",
      "packageName": "com.netease.lowcode.user",
      "modifiers": [
        "public",
        "static"
      ]
    },
    {
      "javaTypes": {
        "": "List<com.netease.lowcode.user.domain.Department>",
        "deptName": "String"
      },
      "type": "logic",
      "naslName": "getDepartments",
      "className": "LCAPUserService",
      "packageName": "com.netease.lowcode.user",
      "modifiers": [
        "public",
        "static"
      ]
    },
    {
      "javaTypes": {
        "": "List<com.netease.lowcode.user.domain.User>",
        "userName": "String"
      },
      "type": "logic",
      "naslName": "getUsersByUserName",
      "className": "LCAPUserService",
      "packageName": "com.netease.lowcode.user",
      "modifiers": [
        "public",
        "static"
      ]
    }
  ]},
  "structures": [
    {
      "concept": "Structure",
      "name": "Department",
      "description": "auto generate UserListResult",
      "properties": [
        {
          "concept": "StructureProperty",
          "name": "name",
          "typeAnnotation": {
            "concept": "TypeAnnotation",
            "typeKind": "primitive",
            "typeNamespace": "nasl.core",
            "typeName": "String"
          },
          "required": false
        },
        {
          "concept": "StructureProperty",
          "name": "deptId",
          "typeAnnotation": {
            "concept": "TypeAnnotation",
            "typeKind": "primitive",
            "typeNamespace": "nasl.core",
            "typeName": "String"
          },
          "required": false
        },
        {
          "concept": "StructureProperty",
          "name": "parentDeptId",
          "typeAnnotation": {
            "concept": "TypeAnnotation",
            "typeKind": "primitive",
            "typeNamespace": "nasl.core",
            "typeName": "String"
          },
          "required": false
        }
      ]
    },
    {
      "concept": "Structure",
      "name": "RoleQuery",
      "description": "System built in generic class RoleListQuery",
      "properties": [
        {
          "concept": "StructureProperty",
          "name": "roleName",
          "description": "根据这个字段模糊查询用户",
          "typeAnnotation": {
            "concept": "TypeAnnotation",
            "typeKind": "primitive",
            "typeNamespace": "nasl.core",
            "typeName": "String"
          },
          "required": false
        },
        {
          "concept": "StructureProperty",
          "name": "env",
          "description": "查询哪个环境",
          "typeAnnotation": {
            "concept": "TypeAnnotation",
            "typeKind": "primitive",
            "typeNamespace": "nasl.core",
            "typeName": "String"
          },
          "required": false
        },
        {
          "concept": "StructureProperty",
          "name": "limit",
          "description": "分页参数",
          "typeAnnotation": {
            "concept": "TypeAnnotation",
            "typeKind": "primitive",
            "typeNamespace": "nasl.core",
            "typeName": "Long"
          },
          "required": false
        },
        {
          "concept": "StructureProperty",
          "name": "offset",
          "typeAnnotation": {
            "concept": "TypeAnnotation",
            "typeKind": "primitive",
            "typeNamespace": "nasl.core",
            "typeName": "Long"
          },
          "required": false
        },
        {
          "concept": "StructureProperty",
          "name": "extendConditionMap",
          "description": "扩展条件，目前为空",
          "typeAnnotation": {
            "concept": "TypeAnnotation",
            "typeKind": "generic",
            "typeNamespace": "nasl.collection",
            "typeName": "Map",
            "typeArguments": [
              {
                "concept": "TypeAnnotation",
                "typeKind": "primitive",
                "typeNamespace": "nasl.core",
                "typeName": "String"
              },
              {
                "concept": "TypeAnnotation",
                "typeKind": "primitive",
                "typeNamespace": "nasl.core",
                "typeName": "String"
              }
            ]
          },
          "required": false
        }
      ]
    },
    {
      "concept": "Structure",
      "name": "Role",
      "description": "auto generate RoleListResult",
      "properties": [
        {
          "concept": "StructureProperty",
          "name": "roleId",
          "description": "角色唯一标识",
          "typeAnnotation": {
            "concept": "TypeAnnotation",
            "typeKind": "primitive",
            "typeNamespace": "nasl.core",
            "typeName": "String"
          },
          "required": false
        },
        {
          "concept": "StructureProperty",
          "name": "roleName",
          "description": "角色名",
          "typeAnnotation": {
            "concept": "TypeAnnotation",
            "typeKind": "primitive",
            "typeNamespace": "nasl.core",
            "typeName": "String"
          },
          "required": false
        },
        {
          "concept": "StructureProperty",
          "name": "env",
          "description": "角色环境，可为空，一般分为dev,online",
          "typeAnnotation": {
            "concept": "TypeAnnotation",
            "typeKind": "primitive",
            "typeNamespace": "nasl.core",
            "typeName": "String"
          },
          "required": false
        }
      ]
    },
    {
      "concept": "Structure",
      "name": "User",
      "description": "auto generate UserListResult",
      "properties": [
        {
          "concept": "StructureProperty",
          "name": "userName",
          "description": "用戶名",
          "typeAnnotation": {
            "concept": "TypeAnnotation",
            "typeKind": "primitive",
            "typeNamespace": "nasl.core",
            "typeName": "String"
          },
          "required": false
        },
        {
          "concept": "StructureProperty",
          "name": "env",
          "description": "用戶环境，可为空，一般分为dev,online",
          "typeAnnotation": {
            "concept": "TypeAnnotation",
            "typeKind": "primitive",
            "typeNamespace": "nasl.core",
            "typeName": "String"
          },
          "required": false
        },
        {
          "concept": "StructureProperty",
          "name": "source",
          "description": "登录源，如Normal：账号密码登录",
          "typeAnnotation": {
            "concept": "TypeAnnotation",
            "typeKind": "primitive",
            "typeNamespace": "nasl.core",
            "typeName": "String"
          },
          "required": false
        },
        {
          "concept": "StructureProperty",
          "name": "userId",
          "description": "用户唯一标识",
          "typeAnnotation": {
            "concept": "TypeAnnotation",
            "typeKind": "primitive",
            "typeNamespace": "nasl.core",
            "typeName": "String"
          },
          "required": false
        }
      ]
    },
    {
      "concept": "Structure",
      "name": "UserQuery",
      "description": "",
      "properties": [
        {
          "concept": "StructureProperty",
          "name": "userName",
          "description": "根据这个字段模糊查询用户",
          "typeAnnotation": {
            "concept": "TypeAnnotation",
            "typeKind": "primitive",
            "typeNamespace": "nasl.core",
            "typeName": "String"
          },
          "required": false
        },
        {
          "concept": "StructureProperty",
          "name": "env",
          "description": "查询哪个环境",
          "typeAnnotation": {
            "concept": "TypeAnnotation",
            "typeKind": "primitive",
            "typeNamespace": "nasl.core",
            "typeName": "String"
          },
          "required": false
        },
        {
          "concept": "StructureProperty",
          "name": "limit",
          "description": "分页参数",
          "typeAnnotation": {
            "concept": "TypeAnnotation",
            "typeKind": "primitive",
            "typeNamespace": "nasl.core",
            "typeName": "Long"
          },
          "required": false
        },
        {
          "concept": "StructureProperty",
          "name": "offset",
          "typeAnnotation": {
            "concept": "TypeAnnotation",
            "typeKind": "primitive",
            "typeNamespace": "nasl.core",
            "typeName": "Long"
          },
          "required": false
        },
        {
          "concept": "StructureProperty",
          "name": "extendConditionMap",
          "description": "扩展条件，目前为空",
          "typeAnnotation": {
            "concept": "TypeAnnotation",
            "typeKind": "generic",
            "typeNamespace": "nasl.collection",
            "typeName": "Map",
            "typeArguments": [
              {
                "concept": "TypeAnnotation",
                "typeKind": "primitive",
                "typeNamespace": "nasl.core",
                "typeName": "String"
              },
              {
                "concept": "TypeAnnotation",
                "typeKind": "primitive",
                "typeNamespace": "nasl.core",
                "typeName": "String"
              }
            ]
          },
          "required": false
        }
      ]
    }
  ],
  "logics": [
    {
      "concept": "Logic",
      "name": "getUserList",
      "description": "获取用户列表",
      "overridable": true,
      "params": [{
        "concept": "Param",
        "name": "query",
        "typeAnnotation": {
          "concept": "TypeAnnotation",
          "typeKind": "reference",
          "typeNamespace": "extensions.lcap_user.structures",
          "typeName": "UserQuery"
        },
        "required": false
      }],
      "returns": [{
        "concept": "Return",
        "name": "result",
        "typeAnnotation": {
          "concept": "TypeAnnotation",
          "typeKind": "generic",
          "typeNamespace": "nasl.collection",
          "typeName": "List",
          "typeArguments": [{
            "concept": "TypeAnnotation",
            "typeKind": "reference",
            "typeNamespace": "extensions.lcap_user.structures",
            "typeName": "User"
          }]
        }
      }]
    },
    {
      "concept": "Logic",
      "name": "getRoleList",
      "description": "获取角色列表",
      "overridable": true,
      "params": [{
        "concept": "Param",
        "name": "roleListQuery",
        "typeAnnotation": {
          "concept": "TypeAnnotation",
          "typeKind": "reference",
          "typeNamespace": "extensions.lcap_user.structures",
          "typeName": "RoleQuery"
        },
        "required": false
      }],
      "returns": [{
        "concept": "Return",
        "name": "result",
        "typeAnnotation": {
          "concept": "TypeAnnotation",
          "typeKind": "generic",
          "typeNamespace": "nasl.collection",
          "typeName": "List",
          "typeArguments": [{
            "concept": "TypeAnnotation",
            "typeKind": "reference",
            "typeNamespace": "extensions.lcap_user.structures",
            "typeName": "Role"
          }]
        }
      }]
    },
    {
      "concept": "Logic",
      "name": "getUserListByRoleId",
      "description": "根据角色标识，获取用户列表 旧版本，roleId可能为角色名称",
      "overridable": true,
      "params": [{
        "concept": "Param",
        "name": "roleId",
        "typeAnnotation": {
          "concept": "TypeAnnotation",
          "typeKind": "primitive",
          "typeNamespace": "nasl.core",
          "typeName": "String"
        },
        "required": false
      }],
      "returns": [{
        "concept": "Return",
        "name": "result",
        "typeAnnotation": {
          "concept": "TypeAnnotation",
          "typeKind": "generic",
          "typeNamespace": "nasl.collection",
          "typeName": "List",
          "typeArguments": [{
            "concept": "TypeAnnotation",
            "typeKind": "reference",
            "typeNamespace": "extensions.lcap_user.structures",
            "typeName": "User"
          }]
        }
      }]
    },
    {
      "concept": "Logic",
      "name": "getUserLevelNthUpDirectManager",
      "description": "根据当前用户，获取用户上级",
      "overridable": true,
      "params": [
        {
          "concept": "Param",
          "name": "userId",
          "typeAnnotation": {
            "concept": "TypeAnnotation",
            "typeKind": "primitive",
            "typeNamespace": "nasl.core",
            "typeName": "String"
          },
          "required": false
        },
        {
          "concept": "Param",
          "name": "level",
          "typeAnnotation": {
            "concept": "TypeAnnotation",
            "typeKind": "primitive",
            "typeNamespace": "nasl.core",
            "typeName": "Long"
          },
          "required": false
        }
      ],
      "returns": [{
        "concept": "Return",
        "name": "result",
        "typeAnnotation": {
          "concept": "TypeAnnotation",
          "typeKind": "reference",
          "typeNamespace": "extensions.lcap_user.structures",
          "typeName": "User"
        }
      }]
    },
    {
      "concept": "Logic",
      "name": "getUserLevelNthUpDeptManager",
      "description": "根据当前用户，获取部门上级，向上获取",
      "overridable": true,
      "params": [
        {
          "concept": "Param",
          "name": "userId",
          "typeAnnotation": {
            "concept": "TypeAnnotation",
            "typeKind": "primitive",
            "typeNamespace": "nasl.core",
            "typeName": "String"
          },
          "required": false
        },
        {
          "concept": "Param",
          "name": "level",
          "typeAnnotation": {
            "concept": "TypeAnnotation",
            "typeKind": "primitive",
            "typeNamespace": "nasl.core",
            "typeName": "Long"
          },
          "required": false
        }
      ],
      "returns": [{
        "concept": "Return",
        "name": "result",
        "typeAnnotation": {
          "concept": "TypeAnnotation",
          "typeKind": "reference",
          "typeNamespace": "extensions.lcap_user.structures",
          "typeName": "User"
        }
      }]
    },
    {
      "concept": "Logic",
      "name": "getUserLevelNthDeptManager",
      "description": "根据当前用户，获取部门上级，向下获取",
      "overridable": true,
      "params": [
        {
          "concept": "Param",
          "name": "userId",
          "typeAnnotation": {
            "concept": "TypeAnnotation",
            "typeKind": "primitive",
            "typeNamespace": "nasl.core",
            "typeName": "String"
          },
          "required": false
        },
        {
          "concept": "Param",
          "name": "level",
          "typeAnnotation": {
            "concept": "TypeAnnotation",
            "typeKind": "primitive",
            "typeNamespace": "nasl.core",
            "typeName": "Long"
          },
          "required": false
        }
      ],
      "returns": [{
        "concept": "Return",
        "name": "result",
        "typeAnnotation": {
          "concept": "TypeAnnotation",
          "typeKind": "reference",
          "typeNamespace": "extensions.lcap_user.structures",
          "typeName": "User"
        }
      }]
    },
    {
      "concept": "Logic",
      "name": "getDeptUsers",
      "description": "根据部门，获取部门下用户",
      "overridable": true,
      "params": [
        {
          "concept": "Param",
          "name": "deptId",
          "typeAnnotation": {
            "concept": "TypeAnnotation",
            "typeKind": "primitive",
            "typeNamespace": "nasl.core",
            "typeName": "String"
          },
          "required": false
        },
        {
          "concept": "Param",
          "name": "managerOnly",
          "typeAnnotation": {
            "concept": "TypeAnnotation",
            "typeKind": "primitive",
            "typeNamespace": "nasl.core",
            "typeName": "Boolean"
          },
          "required": false
        }
      ],
      "returns": [{
        "concept": "Return",
        "name": "result",
        "typeAnnotation": {
          "concept": "TypeAnnotation",
          "typeKind": "generic",
          "typeNamespace": "nasl.collection",
          "typeName": "List",
          "typeArguments": [{
            "concept": "TypeAnnotation",
            "typeKind": "reference",
            "typeNamespace": "extensions.lcap_user.structures",
            "typeName": "User"
          }]
        }
      }]
    },
    {
      "concept": "Logic",
      "name": "getDepartments",
      "description": "",
      "overridable": true,
      "params": [{
        "concept": "Param",
        "name": "deptName",
        "description": "",
        "typeAnnotation": {
          "concept": "TypeAnnotation",
          "typeKind": "primitive",
          "typeNamespace": "nasl.core",
          "typeName": "String"
        },
        "required": false
      }],
      "returns": [{
        "concept": "Return",
        "name": "result",
        "description": "",
        "typeAnnotation": {
          "concept": "TypeAnnotation",
          "typeKind": "generic",
          "typeNamespace": "nasl.collection",
          "typeName": "List",
          "typeArguments": [{
            "concept": "TypeAnnotation",
            "typeKind": "reference",
            "typeNamespace": "extensions.lcap_user.structures",
            "typeName": "Department"
          }]
        }
      }]
    },
    {
      "concept": "Logic",
      "name": "getUsersByUserName",
      "description": "根据用户名获取用户",
      "overridable": true,
      "params": [{
        "concept": "Param",
        "name": "userName",
        "typeAnnotation": {
          "concept": "TypeAnnotation",
          "typeKind": "primitive",
          "typeNamespace": "nasl.core",
          "typeName": "String"
        },
        "required": false
      }],
      "returns": [{
        "concept": "Return",
        "name": "result",
        "typeAnnotation": {
          "concept": "TypeAnnotation",
          "typeKind": "generic",
          "typeNamespace": "nasl.collection",
          "typeName": "List",
          "typeArguments": [{
            "concept": "TypeAnnotation",
            "typeKind": "reference",
            "typeNamespace": "extensions.lcap_user.structures",
            "typeName": "User"
          }]
        }
      }]
    }
  ]
}